{
  "project_info": {
    "project_number": "478198318048",
    "project_id": "folha-de-pagamento-41834",
    "storage_bucket": "folha-de-pagamento-41834.appspot.com"
  },
  "client": [
    {
      "client_info": {
        "mobilesdk_app_id": "1:478198318048:android:28890872e1d0ea1b9ea185",
        "android_client_info": {
          "package_name": "com.example.folhadepagamento"
        }
      },
      "oauth_client": [],
      "api_key": [
        {
          "current_key": "AIzaSyC8RqdsIWZhcvlFbPBh4VBFoMWNkDba9U8"
        }
      ],
      "services": {
        "appinvite_service": {
          "other_platform_oauth_client": []
        }
      }
    }
  ],
  "configuration_version": "1"
}